관광안내소명,시도명,위도,경도,제공기관명
남해관광안내소,경상남도,34.49553,127.540009,경상남도 남해군
창선관광안내소,경상남도,34.520504,128.015031,경상남도 남해군
이락사관광안내소,경상남도,34.544838,127.512617,경상남도 남해군
가천관광안내소,경상남도,34.434124,127.532939,경상남도 남해군
독일마을관광안내소,경상남도,34.480343,128.021861,경상남도 남해군
창선다목적광장 관광안내소,경상남도,34.521944,128.003387,경상남도 남해군
남계서원,경상남도,35.549522,127.783338,경상남도 함양군
일두홍보관,경상남도,35.567333,127.768058,경상남도 함양군
상림관광안내소,경상남도,35.524844,127.721893,경상남도 함양군
용추관광안내소,경상남도,35.668969,127.787934,경상남도 함양군
부산의료관광안내센터,부산광역시,35.1531142,129.0555425,부산광역시 부산진구
통도사 관광안내소,경상남도,35.748741,129.057803,경상남도 양산시
내원사 관광안내소,경상남도,35.447183,129.1104508,경상남도 양산시
원동역 관광안내소,경상남도,35.367988,128.919293,경상남도 양산시
종합관광안내소,전라남도,34.838255,126.422269,전라남도 목포시
목포역관광안내소,전라남도,34.794192,126.384432,전라남도 목포시
노적봉관광안내소,전라남도,34.788769,126.381437,전라남도 목포시
버스터미널관광안내소,전라남도,34.812722,126.417197,전라남도 목포시
평화광장관광안내소,전라남도,34.798818,126.4330296,전라남도 목포시
목포대교 관광안내소,전라남도,34.804318,126.367242,전라남도 목포시
도봉탐방지원센터,서울특별시,37.6861992,127.0373533,서울특별시 도봉구
송파관광정보센터,서울특별시,37.511873,127.104146,서울특별시 송파구
김포공항관광정보센터,서울특별시,37.565936,126.801507,서울특별시
명동관광정보센터,서울특별시,37.565421,126.984961,서울특별시
서울역 관광정보센터,서울특별시,37.554616,126.970575,서울특별시
용산역 관광정보센터,서울특별시,37.530155,126.964775,서울특별시
인천공항 제1여객터미널 관광정보센터,인천광역시,37.448887,126.451093,서울특별시
인천공항 제2여객터미널 관광정보센터,인천광역시,37.461814,126.436911,서울특별시
DDP관광안내소,서울특별시,37.34012,127.00364,서울특별시
광화문관광안내소,서울특별시,37.34101,126.58356,서울특별시
남대문관광안내소,서울특별시,37.3332,126.58372,서울특별시
동대문안내소,서울특별시,37.34011,127.00279,서울특별시
삼일교관광안내소,서울특별시,37.34077,126.59135,서울특별시
삼청로 관광안내소,서울특별시,37.34538,126.58527,서울특별시
시민청안내소,서울특별시,37.33598,126.58399,서울특별시
신촌역사관광안내소,서울특별시,37.33363,126.56321,서울특별시
이태원역관광안내소(지상),서울특별시,37.32052,126.59406,서울특별시
이태원역사 종합관광안내소,서울특별시,37.32052,126.59405,서울특별시
잠실관광안내소,서울특별시,37.31041,127.04287,서울특별시
홍대입구 관광안내소,서울특별시,37.33166,126.55222,서울특별시
만화정 관광안내소,경상북도,35.6777046,128.891661,경상북도 청도군
운문사 관광안내소,경상북도,35.6611331,128.9600846,경상북도 청도군
청도역 관광안내소,경상북도,35.6398004,128.7461803,경상북도 청도군
석빙고 관광안내소,경상북도,35.6500369,128.7081043,경상북도 청도군
계산예가관광안내소,대구광역시,35.8671442,128.5876456,대구광역시 중구
쌈지공원관광안내소,대구광역시,35.8676593,128.5868195,대구광역시 중구
김광석길관광안내소,대구광역시,35.8615893,128.6077058,대구광역시 중구
문경새재관광안내소,경상북도,36.7633233,128.075523,경상북도 문경시
문경관광안내센터,경상북도,36.741884,128.083107,경상북도 문경시
논개생가,전라북도,35.680842,127.620143,전라북도 장수군
논개사당,전라북도,35.644251,127.522714,전라북도 장수군
성안길관광안내소,충청북도,36.649649,127.493941,충청북도 청주시
수암골관광안내소,충청북도,36.649442,127.494113,충청북도 청주시
오목대 관광안내소,전라북도,35.8151453,127.1539349,전라북도 전주시
경기전 관광안내소,전라북도,35.814387,127.150315,전라북도 전주시
한옥마을 관광안내소,전라북도,35.819181,127.159553,전라북도 전주시
고속터미널 관광안내소,전라북도,35.835197,127.128137,전라북도 전주시
전주역 관광안내소,전라북도,38.850159,127.160159,전라북도 전주시
향청종합관광안내소,경상북도,36.418248,128.162886,경상북도 상주시
경천대종합관광안내소,경상북도,36.457222,128.247865,경상북도 상주시
경천섬종합관광안내소,경상북도,36.440673,128.253905,경상북도 상주시
영암군 관광안내소,전라남도,34.778911,126.452346,전라남도 영암군
무안군 관광안내소,전라남도,35.0046174,126.4786542,전라남도 무안군
회산백련지 관광안내소,전라남도,34.860212,126.530051,전라남도 무안군
의정부시 종합관광안내소,경기도,37.7390499,127.0386171,경기도 의정부시
소요산 관리지원센터,경기도,37.946486,127.069318,경기도 동두천시
금산군 관광종합안내소,충청남도,36.100277,127.500684,충청남도 금산군
종합관광안내센터,전라북도,35.409821,127.530452,전라북도 남원시
국악의성지안내소,전라북도,35.460173,127.568444,전라북도 남원시
실상사안내소,전라북도,35.416715,127.635136,전라북도 남원시
남원역안내소,전라북도,35.410781,127.360552,전라북도 남원시
광한루원안내소,전라북도,35.402743,127.379541,전라북도 남원시
만인의총안내소,전라북도,35.420475,127.377323,전라북도 남원시
춘향테마파크안내소,전라북도,35.402703,127.386134,전라북도 남원시
혼불문학관안내소,전라북도,35.480872,127.320033,전라북도 남원시
서초관광정보센터,서울특별시,37.4982506,127.0263649,서울특별시 서초구
동래구 관광안내소,부산광역시,35.203167,129.085395,부산광역시 동래구
부안관광안내소,전라북도,35.6204048,126.4651625,전라북도 부안군
줄포관광안내소,전라북도,35.601678,126.6858739,전라북도 부안군
새만금관광안내소,전라북도,35.6971005,126.5504224,전라북도 부안군
고령 관광안내소,경상북도,35.72008263,128.2596761,경상북도 고령군
안동하회마을 관광안내소,경상북도,36.5510917,128.5284024,경상북도 안동시
도산서원 관광안내소,경상북도,36.7278937,128.8403519,경상북도 안동시
버스터미널 관광안내소,경상북도,36.5748909,128.6765964,경상북도 안동시
경상북도 종합관광안내소,경상북도,36.5628399,128.7322097,경상북도 안동시
병산서원 관광안내소,경상북도,36.5403027,128.5527874,경상북도 안동시
봉정사 관광안내소,경상북도,36.655519,128.6595785,경상북도 안동시
연미사 관광안내소,경상북도,36.606267,128.7061444,경상북도 안동시
콘텐츠박물관 관광안내소,경상북도,36.5662344,128.7339878,경상북도 안동시
태사묘 관광안내소,경상북도,36.5667274,128.731805,경상북도 안동시
화개장터 관광안내소,경상남도,35.188057,127.624579,경상남도 하동군
악양 종합관광안내소,경상남도,35.153031,127.689261,경상남도 하동군
청학동 관광안내소,경상남도,35.238096,127.717663,경상남도 하동군
쌍계사 관광안내소,경상남도,35.232208,127.650206,경상남도 하동군
지리산 생태 과학관,경상남도,35.150556,127.675441,경상남도 하동군
가평역관광안내소,경기도,37.8140746,127.5104093,경기도 가평군
청평역관광안내소,경기도,37.7344477,127.4251646,경기도 가평군
운악산관광안내소,경기도,37.8653351,127.3457731,경기도 가평군
호명호수관광안내소,경기도,37.7556715,127.478543,경기도 가평군
마포관광정보센터,서울특별시,37.556372,126.925904,서울특별시 마포구
신촌플레이버스,서울특별시,37.556622,126.9350047,서울특별시 서대문구
40계단문화관,부산광역시,35.105284,129.034456,부산관광공사
UN기념공원,부산광역시,35.12739717,129.0960626,부산관광공사
감천문화마을,부산광역시,35.09860974,129.010247,부산관광공사
금정산성,부산광역시,35.259386,129.057071,부산관광공사
동삼동패총전시관,부산광역시,35.071453,129.079825,부산관광공사
몰운대,부산광역시,35.041439,128.969365,부산관광공사
백산기념관,부산광역시,35.102163,129.034627,부산관광공사
범어사,부산광역시,35.284528,129.068793,부산관광공사
복천박물관,부산광역시,35.20877662,129.091769,부산관광공사
부산근대역사관,부산광역시,35.102947,129.031066,부산관광공사
부산박물관문화체험관,부산광역시,35.129763,129.094151,부산관광공사
부산어촌민속관,부산광역시,35.234024,129.008802,부산관광공사
수영사적공원,부산광역시,35.170767,129.114405,부산관광공사
오륜대한국순교자박물관,부산광역시,35.246275,129.101128,부산관광공사
용두산공원,부산광역시,35.100929,129.032323,부산관광공사
임시수도기념관,부산광역시,35.10374876,129.017452,부산관광공사
충렬사,부산광역시,35.201027,129.096243,부산관광공사
태종대,부산광역시,35.055624,129.090003,부산관광공사
해동용궁사,부산광역시,35.188595,129.223384,부산관광공사
UN평화기념관,부산광역시,35.123676,129.093453,부산관광공사
오륙도 스카이워크,부산광역시,35.10143799,129.124616,부산관광공사
서구 관광안내소,부산광역시,37.076765,129.017701,부산광역시 서구
장미공원 관광안내소,전라남도,35.2780945,127.3074651,전라남도 곡성군
기차마을 관광안내소,전라남도,36.2780945,128.3074651,전라남도 곡성군
버스터미널 관광안내소,전라남도,35.2789772,127.2940929,전라남도 곡성군
땅끝해남관광안내소,전라남도,34.2991168,126.528526,전라남도 해남군
아라 종합안내센터,인천광역시,37.6392316,126.7257619,인천광역시 계양구
파로호 뱃길나루터 안내소,강원도,38.129602,127.9891138,강원도 양구군
대왕암공원 안내센터,울산광역시,35.491109,129.433634,울산광역시 동구
봉화군 종합관광안내소,경상북도,36.785141,128.908557,경상북도 봉화군
강원도 화천군 관광안내소(터미널),강원도,38.104511,127.704262,강원도 화천군
수승대관광안내소,경상남도,35.761068,127.833522,경상남도 거창군
원주시 관광안내소,강원도,37.357233,127.944885,강원도 원주시
김대중컨벤션센터 관광안내소,광주광역시,35.1450614,126.8398595,김대중컨벤션센터
종합관광안내소,울산광역시,35.538497,129.352547,울산광역시
울산공항관광안내소,울산광역시,35.593553,129.35648,울산광역시
울산관광안내소,울산광역시,35.538373,129.338244,울산광역시
KTX울산역안내소,울산광역시,35.555143,129.132121,울산광역시
큰애기관광안내소,울산광역시,35.55659,129.319534,울산광역시
대왕암공원관광안내소,울산광역시,35.490532,129.434016,울산광역시
영동군 관광안내소,충청북도,36.172128,127.786562,충청북도 영동군
서귀포종합관광안내소,제주특별자치도,33.2444479,126.5597453,제주특별자치도 서귀포시
정방폭포 관광안내소,제주특별자치도,33.2447371,126.5734888,제주특별자치도 서귀포시
제주월드컵경기장 관광안내소,제주특별자치도,33.2472388,126.5092079,제주특별자치도 서귀포시
주상절리 관광안내소,제주특별자치도,33.23799399,126.4260174,제주특별자치도 서귀포시
천제연폭포 관광안내소,제주특별자치도,33.2526783,126.4184383,제주특별자치도 서귀포시
경남종합관광정보센터,경상남도,35.238414,128.639375,경상남도
제1종합관광안내소,경상남도,35.089682,128.360116,경상남도
제2종합관광안내소,경상남도,35.551822,127.74108,경상남도
경남관광정보센터,경상남도,35.236626,128.672887,경상남도
김해공항국내선관광안내소,경상남도,35.17274,128.928196,경상남도
김해공항국제선관광안내소,경상남도,35.17274,128.928196,경상남도
사천공항관광안내소,경상남도,35.091788,128.068952,경상남도
창원중앙역관광안내소,경상남도,35.242493,128.68361,경상남도
가덕휴게소관광안내소,경상남도,35.023308,128.790552,경상남도
고양관광안내센터,경기도,37.665044,126.756232,경기도 고양시
고양관광안내센터,경기도,37.665044,126.756232,경기도 고양시
광안리 u-관광안내소,부산광역시,35.1538588,129.1186544,부산광역시 수영구
선유도관광안내소,전라북도,35.811105,126.416327,전라북도 군산시
군산역관광안내소,전라북도,35.999354,126.759801,전라북도 군산시
진포관광안내소,전라북도,35.989302,126.717451,전라북도 군산시
군산관광안내소,전라북도,36.002241,126.789184,전라북도 군산시
중구관광안내소,부산광역시,35.0970933,129.0359174,부산광역시 중구
창선관광안내소,부산광역시,35.0995178,129.031131,부산광역시 중구
축령산 치유의 숲 안내센터,전라남도,35.376174,126.760709,전라남도 장성군
내장산국립공원 백암사무소,전라남도,35.430963,126.879302,전라남도 장성군
장성호관광지,전라남도,35.415562,126.850562,전라남도 장성군
홍길동테마파크 관광지,전라남도,35.319264,126.726715,전라남도 장성군
필암서원 유물전시관,전라남도,35.312376,126.751991,전라남도 장성군
대전역관광안내소,대전광역시,36.332491,127.433926,대전광역시
대전종합관광안내소,대전광역시,36.354663,127.341401,대전광역시
서대전역관광안내소,대전광역시,36.323249,127.403361,대전광역시
복합터미널관광안내소,대전광역시,36.351672,127.437476,대전광역시
오월드관광안내소,대전광역시,36.288827,127.397831,대전광역시
봉하마을안내소,경상남도,35.313403,128.769828,경상남도 김해시
김해가야테마파크안내소,경상남도,35.250765,128.893018,경상남도 김해시
김해종합관광안내소,경상남도,35.239221,128.873974,경상남도 김해시
속동관광안내소,충청남도,36.5767821,126.4644756,충청남도 홍성군
경주역관광안내소,경상북도,35.843884,129.2174888,경상북도 경주시
터미널관광안내소,경상북도,35.838772,129.203053,경상북도 경주시
불국사관광안내소,경상북도,35.786619,129.327123,경상북도 경주시
서라벌관광안내정보센터,경상북도,35.812051,129.196792,경상북도 경주시
김해공항안내소,경상북도,35.172707,128.945748,경상북도 경주시
신경주역관광안내소,경상북도,35.799655,129.140038,경상북도 경주시
경포관광안내소,강원도,37.804849,128.904172,강원도 강릉시
터미널관광안내소,강원도,37.754408,128.877419,강원도 강릉시
강릉역관광안내소,강원도,37.76385959,128.896749,강원도 강릉시
모래시계관광안내소,강원도,37.687385,129.035521,강원도 강릉시
주문진관광안내소,강원도,37.891178,128.826559,강원도 강릉시
월화거리관광안내소,강원도,37.754341,128.897165,강원도 강릉시
홍천군관광안내소,강원도,37.6889027,127.8786251,강원도 홍천군
문화해설사의집(충익사),경상남도,35.315855,128.262002,경상남도 의령군
문화해설사의집(의병박물관),경상남도,35.314793,128.258767,경상남도 의령군
문화해설사의집(이병철생가),경상남도,35.382104,128.323238,경상남도 의령군
문화해설사의집(곽재우생가),경상남도,35.439533,128.343779,경상남도 의령군
문화해설사의집(일붕사),경상남도,35.435793,128.239634,경상남도 의령군
안성시 관광안내소,경기도,37.012398,127.293426,경기도 안성시
구미역관광안내소,경상북도,36.1288532,128.3304247,경상북도 구미시
다누리센터안내소,충청북도,36.9853987,128.3706966,충청북도 단양군
도담삼봉안내소,충청북도,37.0007642,128.3417815,충청북도 단양군
단양안내소,충청북도,36.9865032,128.3759049,충청북도 단양군
정선군종합관광안내소,강원도,37.3926484,128.6250864,강원도 정선군
천안역관광안내소,충청남도,36.8090866,127.1477608,충청남도 천안시
천안종합터미널관광안내소,충청남도,36.8196847,127.1543899,충청남도 천안시
천안아산역관광안내소,충청남도,36.7952522,127.1043655,충청남도 천안시
연천군 관광안내소,경기도,38.0141103,127.0572224,경기도 연천군
대구역 관광안내소,대구광역시,35.875935,128.596419,대구광역시 북구
엑스코 관광안내소,대구광역시,35.907967,128.612766,대구광역시 북구
대구구암동고분군 팔거산성 탐방안내소,대구광역시,35.931829,128.567463,대구광역시 북구
여주시종합관광안내소,경기도,37.299986,127.6545225,경기도 여주시
여주역 관광안내소,경기도,37.282881,127.628571,경기도 여주시
세종대왕릉역 관광안내소,경기도,37.293653,127.570871,경기도 여주시
여주프리미엄아울렛관광안내소,경기도,37.2459481,127.6123848,경기도 여주시
연양리 관광안내소,경기도,37.2927917,127.6623816,경기도 여주시
대부도 관광안내소,경기도,37.258591,126.596396,경기도 안산시
안산역관광안내소,경기도,37.325994,126.793703,경기도 안산시
버스터미널 관광안내소,광주광역시,35.159762,126.880348,광주광역시
광주역 관광안내소,광주광역시,35.166574,126.908722,광주광역시
김대중센터 관광안내소,광주광역시,35.146745,126.840932,광주광역시
문화전당 관광안내소,광주광역시,35.146719,126.920254,광주광역시
광주송정역 관광안내소,광주광역시,35.137384,126.790869,광주광역시
양림동 관광안내소,광주광역시,35.142203,126.915417,광주광역시
광주공항 관광안내소,광주광역시,35.140423,126.8099796,광주광역시
한옥마을 관광안내소,전라북도,35.818255,127.153657,전라북도
오목대 관광안내소,전라북도,35.815156,127.153901,전라북도
경기전 관광안내소,전라북도,35.815352,127.149738,전라북도
고속터미널 관광안내소,전라북도,35.834735,127.128988,전라북도
전주역 관광안내소,전라북도,35.831782,127.174112,전라북도
덕진공원 관광안내소,전라북도,35.848161,127.122321,전라북도
종합관광안내소,전라북도,36.002238,126.789165,전라북도
시간여행마을 관광안내소,전라북도,35.98992,126.714808,전라북도
새만금 관광안내소,전라북도,35.943324,126.534634,전라북도
선유도 관광안내소,전라북도,35.811108,126.416311,전라북도
군산역 관광안내소,전라북도,35.998745,126.759561,전라북도
신시도(월영봉) 관광안내소,전라북도,35.817506,126.480324,전라북도
장자도 관광안내소,전라북도,35.81204,126.397733,전라북도
월명동 관광안내소,전라북도,35.985459,126.708093,전라북도
동국사 관광안내소,전라북도,35.983647,126.708004,전라북도
익산역 관광안내소,전라북도,35.940517,126.946509,전라북도
미륵사지 관광안내소,전라북도,36.01092,127.028171,전라북도
왕궁리유적(전시관 내) 안내소,전라북도,35.979172,127.052345,전라북도
보석박물관관광안내소,전라북도,35.990403,127.102893,전라북도
정읍종합관광안내센터,전라북도,35.575165,126.84312,전라북도
내장산 관광안내소,전라북도,35.493044,126.927949,전라북도
종합관광안내소,전라북도,35.402796,127.388995,전라북도
남원역 관광안내소,전라북도,35.411751,127.361864,전라북도
광한루원 관광안내소,전라북도,35.402739,127.37955,전라북도
벽골제 관광안내소,전라북도,35.760164,126.857079,전라북도
모악산 관광안내소,전라북도,35.718817,127.040197,전라북도
송광사 관광안내소,전라북도,35.885613,127.241934,전라북도
편백숲관광안내소,전라북도,35.760785,127.229794,전라북도
완주관광안내센터,전라북도,35.906406,127.065562,전라북도
마이산 남부 관광안내소,전라북도,35.756973,127.393819,전라북도
마이산 북부 관광안내소,전라북도,35.775543,127.417967,전라북도
종합관광안내소,전라북도,36.006165,127.65722,전라북도
만남의광장 관광안내소,전라북도,35.974232,127.651049,전라북도
무주구천동 관광안내소,전라북도,35.900784,127.776055,전라북도
논개사당 관광안내소,전라북도,35.643669,127.52291,전라북도
논개생가지 관광안내소,전라북도,35.679576,127.621028,전라북도
순창군 종합관광안내소,전라북도,35.408495,127.070027,전라북도
고창읍성,전라북도,35.43049,126.704443,전라북도
판소리 박물관,전라북도,35.432447,126.702804,전라북도
군립미술관,전라북도,35.432447,126.702804,전라북도
고인돌 박물관,전라북도,35.441641,126.651904,전라북도
무장읍성,전라북도,35.418304,126.55735,전라북도
선운산,전라북도,35.502509,126.586718,전라북도
미당 시문학관,전라북도,35.535586,126.609988,전라북도
동학홍보관,전라북도,35.403832,126.541095,전라북도
새만금관광안내소,전라북도,35.697164,126.559028,전라북도
담양관광정보센터,전라남도,35.324971,126.987551,전라남도 담양군
부산역 관광안내소,부산광역시,35.115043,129.041546,부산광역시 동구
부산관광안내소,부산광역시,35.115043,129.041546,부산광역시 동구
대구관광정보센터,대구광역시,35.850851,128.557891,대구광역시 달서구
이월드 관광안내소,대구광역시,35.8544338,128.560997,대구광역시 달서구
감천문화마을 안내센터,부산광역시,35.09748815,129.0106077,부산광역시 사하구
함평종합관광안내소,전라남도,35.0565469,126.522655,전라남도 함평군
무주군 종합관광안내소,전라북도,36.004619,127.665007,전라북도 무주군
만남의광장 종합관광안내소,전라북도,35.973832,127.651099,전라북도 무주군
김대중센터 관광안내소,광주광역시,35.1467445,126.8409323,광주광역시 서구
버스터미널 관광안내소,광주광역시,35.1597624,126.8803477,광주광역시 서구
양천향교역 문화관광 홍보관,서울특별시,37.5686259,126.8407902,서울특별시 강서구
탑동 관광안내소,제주특별자치도,33.517028,126.5246801,제주특별자치도 제주시
용두암 관광안내소,제주특별자치도,33.5149624,126.5116869,제주특별자치도 제주시
터미널 관광안내소,제주특별자치도,33.4997233,126.5149932,제주특별자치도 제주시
해파랑길관광안내소,부산광역시,35.10143799,129.1231048,부산광역시 남구
군외달도관광안내소,전라남도,34.400952,126.627711,전라남도 완도군
여객선터미널관광안내소,전라남도,34.316281,126.761258,전라남도 완도군
신지관광안내소,전라남도,34.334546,126.755766,전라남도 완도군
완도타워관광안내소,전라남도,34.311829,126.764501,전라남도 완도군
관광정보센터,전라남도,34.355183,126.730294,전라남도 완도군
청산도관광안내소,전라남도,34.180754,126.857437,전라남도 완도군
인천국제공항 관광안내소(동편),인천광역시,37.4475485,126.458059,인천광역시
인천국제공항 관광안내소(서편),인천광역시,37.4475485,126.458059,인천광역시
인천국제공항 관광안내소(2터미널),인천광역시,37.4848155,126.4396163,인천광역시
월미도 관광안내소,인천광역시,37.47531795,126.597575,인천광역시
인천종합관광안내소,인천광역시,37.3928059,126.6358902,인천광역시
인천역 관광안내소,인천광역시,37.4761289,126.6171067,인천광역시
인천버스터미널 관광안내소,인천광역시,37.440941,126.701418,인천광역시
잠진도 관광안내소,인천광역시,37.417385,126.4144057,인천광역시
강화마니산 관광안내소,인천광역시,37.701549,126.381143,인천광역시
경인아라뱃길 정서진 관광안내소,인천광역시,37.585942,126.5766193,인천광역시
소래포구 관광안내소,인천광역시,37.701566,126.381068,인천광역시
대교공원 체험관광센터,경상남도,34.93246904,128.052583,경상남도 사천시
만남의 광장 관광안내소,경상남도,35.108652,128.086055,경상남도 사천시
진도타워안내소,전라남도,34.5659436,126.3025592,전라남도 진도군
운림산방안내소,전라남도,34.4664899,126.3081234,전라남도 진도군
우포늪관광안내소,경상남도,35.544117,128.417728,경상남도 창녕군
부곡관광안내소,경상남도,35.436267,128.591649,경상남도 창녕군
창녕관광안내소,경상남도,35.540874,128.478475,경상남도 창녕군
정읍종합관광안내센터,전라북도,35.5751356,126.8431547,전라북도 정읍시
내장산관광안내소,전라북도,35.4880861,126.9260673,전라북도 정읍시
백암관광안내소,경상북도,36.721339,129.343398,경상북도 울진군
제1종합관광안내소,경상남도,35.0896824,128.3601163,경상남도 고성군
수원역종합안내소,경기도,37.267102,127.001791,경기도 수원시
수원터미널안내소,경기도,37.250442,127.020884,경기도 수원시
행궁안내소,경기도,37.281781,127.013657,경기도 수원시
장안공원안내소,경기도,37.286899,127.010831,경기도 수원시
행궁광장 안내소,경기도,37.281507,127.014931,경기도 수원시
장안문 안내소,경기도,37.288153,127.013578,경기도 수원시
연무대 안내소,경기도,37.287456,127.023623,경기도 수원시
서장대 안내소,경기도,37.273446,127.001168,경기도 수원시
팔달문 안내소,경기도,37.277672,127.015163,경기도 수원시
화서문 안내소,경기도,37.285404,127.010398,경기도 수원시
화홍문 안내소,경기도,37.287337,127.017159,경기도 수원시
예산군 관광안내소,충청남도,36.6906918,126.6593928,충청남도 예산군
당진관광안내소,충청남도,36.902938,126.645693,충청남도 당진시
솔뫼성지,충청남도,36.819209,126.785502,충청남도 당진시
필경사,충청남도,36.952172,126.771421,충청남도 당진시
여수공항 관광안내소,전라남도,34.839849,127.614125,전라남도 여수시
여수엑스포역 종합관광안내소,전라남도,34.752888,127.748766,전라남도 여수시
여수연안여객선터미널 관광안내소,전라남도,34.738617,127.732633,전라남도 여수시
오동도 관광안내소,전라남도,34.744343,127.76413,전라남도 여수시
오동도 관광안내소(입구),전라남도,34.741309,127.754943,전라남도 여수시
향일암 관광안내소,전라남도,34.594128,127.803855,전라남도 여수시
이순신광장 관광안내소,전라남도,34.739709,127.735521,전라남도 여수시
금오도 여천항 관광안내소,전라남도,34.550195,127.752696,전라남도 여수시
삼척관광통역안내소,강원도,37.440525,129.168321,강원도 삼척시
구례군관광안내소,전라남도,35.315688,127.454444,전라남도 구례군
화엄사관광안내소,전라남도,35.255511,127.497222,전라남도 구례군
포천관광안내소,경기도,38.066089,127.315788,경기도 포천시
포천관광안내소,경기도,37.965388,127.131666,경기도 포천시
웰컴센터 관광안내센터,제주특별자치도,33.4858065,126.4994934,제주관광공사
영덕관광안내소,경상북도,36.4220197,129.4193438,경상북도 영덕군
충남종합관광안내소,충청남도,36.2837911,126.9146369,충청남도 부여군
인제관광정보센터,강원도,38.064833,128.174421,강원도 인제군
백담관광정보센터,강원도,38.193416,128.352331,강원도 인제군
불광 둘레길 관광안내소,서울특별시,37.610723,126.939272,서울특별시 은평구
구파발 둘레길 관광안내소,서울특별시,37.636749,126.919151,서울특별시 은평구
북한산성 둘레길 관광안내소,서울특별시,37.65825,126.945533,서울특별시 은평구
미륵사지,전라북도,36.011711,127.028358,전라북도 익산시
왕궁유적,전라북도,35.972281,127.054921,전라북도 익산시
보석박물관,전라북도,35.991479,127.101606,전라북도 익산시
익산역,전라북도,35.941771,126.945781,전라북도 익산시
완주 송광사 관광안내소,전라북도,35.8855927,127.2244486,전라북도 완주군
완주 편백숲 관광안내소,전라북도,35.7373112,127.1669946,전라북도 완주군
북촌마을안내소,서울특별시,37.5807856,126.9831611,서울특별시 종로구
남인사관광안내소,서울특별시,37.5714306,126.9873002,서울특별시 종로구
인사동홍보관,서울특별시,37.5736368,126.9835776,서울특별시 종로구
북인사관광안내소,서울특별시,37.5753661,126.9834891,서울특별시 종로구
진주성관광안내소,경상남도,35.1899,128.080922,경상남도 진주시
진주역관광안내소,경상남도,35.150888,128.118286,경상남도 진주시
동대구역안내소,대구광역시,35.879076,128.628719,대구광역시 동구
대구공항안내소,대구광역시,35.900216,128.637074,대구광역시 동구
봉평관광안내소,강원도,37.6140469,128.3628383,강원도 평창군
월정사관광안내소,강원도,37.7319686,128.5753755,강원도 평창군
장평IC관광안내소,강원도,37.5876185,128.4104464,강원도 평창군
대관령관광안내소,강원도,37.67851,128.699617,강원도 평창군
진부역 관광안내소,강원도,37.64271806,128.573642,강원도 평창군
평창역 관광안내소,강원도,37.563376,128.430457,강원도 평창군
관광수산시장 관광안내소,강원도,38.2042181,128.5898628,강원도 속초시
고속터미널 관광안내소,강원도,38.1906505,128.598734,강원도 속초시
시외터미널 관광안내소,강원도,38.2109691,128.5907233,강원도 속초시
해맞이공원 관광안내소,강원도,38.1631289,128.6085042,강원도 속초시
밀양역관광안내소,경상남도,35,128,경상남도 밀양시
연극촌관광안내소,경상남도,35.533395,128.704586,경상남도 밀양시
영도웰컴센터,부산광역시,35.094602,129.038751,부산광역시 영도구
마니산 관광안내소,인천광역시,37.6337631,126.4233851,인천광역시 강화군
한옥 관광안내소,인천광역시,37.7461083,126.4838051,인천광역시 강화군
갑곶돈대 관광안내소,인천광역시,37.7333011,126.5161301,인천광역시 강화군
초지진 관광안내소,인천광역시,37.6324111,126.5320661,인천광역시 강화군
고인돌 관광안내소,인천광역시,37.7732298,126.4363884,인천광역시 강화군
강화터미널 관광안내소,인천광역시,37.7398488,126.4905295,인천광역시 강화군
온양온천역,충청남도,36.780716,127.003246,충청남도 아산시
외암민속마을,충청남도,36.729954,127.013595,충청남도 아산시
천안아산역,충청남도,36.794865,127.104387,충청남도 아산시
평택호관광안내소,경기도,36.9214142,126.9134627,경기도 평택시
평택항관광안내소,경기도,36.9575457,126.8375154,경기도 평택시
신장쇼핑몰관광안내소,경기도,37.0807203,127.0421948,경기도 평택시
논산종합관광안내소,충청남도,36.2070665,127.0834301,충청남도 논산시
웰컴투 청춘역(청춘관광안내소),전라남도,34.946444,127.503208,전라남도 순천시
순천 낙안읍성관광안내소,전라남도,34.905529,127.341961,전라남도 순천시
순천 드라마촬영장 관광안내소,전라남도,34.957223,127.537569,전라남도 순천시
순천 종합버스터미널 관광안내소,전라남도,34.952355,127.491703,전라남도 순천시
순천 송광사 관광안내소,전라남도,35.002415,127.275937,전라남도 순천시
순천 선암사 관광안내소,전라남도,34.997771,127.330558,전라남도 순천시
순천만국가정원 서문 관광안내소,전라남도,34.930661,127.497645,전라남도 순천시
순천역 관광안내소,전라남도,34.946444,127.503208,전라남도 순천시
순천만국가정원 동문 관광안내소,전라남도,34.927697,127.499359,전라남도 순천시
순천만습지 탐방안내소,전라남도,34.885888,127.508591,전라남도 순천시
청풍 종합관광안내소,충청북도,37.004633,128.171046,충청북도 제천시
제천역 관광안내소,충청북도,37.128592,128.205044,충청북도 제천시
의림지 관광안내소,충청북도,37.174107,128.208077,충청북도 제천시
박달재 관광안내소,충청북도,37.144829,128.056201,충청북도 제천시
배론성지 관광안내소,충청북도,37.159616,128.083763,충청북도 제천시
송계 관광안내소,충청북도,36.883751,128.078397,충청북도 제천시
자양영당 관광안내소,충청북도,37.099212,128.086219,충청북도 제천시
한방엑스포공원 관광안내소,충청북도,37.143696,128.159745,충청북도 제천시
충북 관광정보센터,충청북도,37.012223,128.179354,충청북도 제천시
신세계 관광안내소,경기도,37.7696173,126.698367,경기도 파주시
임진각 관광안내소,경기도,37.8893096,126.7402379,경기도 파주시
맛고을 관광안내소,경기도,37.785879,126.689906,경기도 파주시
진해루,경상남도,35.147169,128.684686,경상남도 창원시
해양드라마세트장,경상남도,35.109041,128.540719,경상남도 창원시
오동동문화광장,경상남도,35.206274,128.577172,경상남도 창원시
마산역,경상남도,35.237116,128.578196,경상남도 창원시
창원의집,경상남도,35.244447,128.681367,경상남도 창원시
성산패총,경상남도,35.208106,128.679467,경상남도 창원시
웅천읍성,경상남도,35.111904,128.751275,경상남도 창원시
저도콰이강의 다리,경상남도,35.067567,128.562847,경상남도 창원시
경남선교120주년기념관,경상남도,35.13941,128.529927,경상남도 창원시
시티세븐,경상남도,35.240443,128.653256,경상남도 창원시
횡성군관광안내소,강원도,37.461304,127.974817,강원도 횡성군
횡성군관광안내소,강원도,37.4830132,128.0096113,강원도 횡성군
횡성군관광안내소,강원도,37.5102881,128.2209833,강원도 횡성군
순창군종합관광안내소,전라북도,35.409431,127.070131,전라북도 순창군
낙산관광안내소,강원도,38.1187465,128.6245087,강원도 양양군
광주역 관광안내소,광주광역시,35.1665744,126.9087218,광주광역시 북구
동탄센트럴파크 관광안내소,경기도,37.206719,127.063004,경기도 화성시
남양성모성지 관광안내소,경기도,37.199493,126.831189,경기도 화성시
SRT동탄역 관광안내소,경기도,37.199327,127.097018,경기도 화성시
전곡항 마리나 관광안내소,경기도,37.189503,126.686682,경기도 화성시
설봉공원 관광안내소,경기도,37.278269,127.428265,경기도 이천시
이천롯데프리미엄아울렛 관광안내소,경기도,37.2422229,127.400025,경기도 이천시
종합관광안내소,부산광역시,35.097635,129.032303,부산광역시
김해공항안내소(국내선),부산광역시,35.1728758,128.9457991,부산광역시
김해공항안내소(국제선),부산광역시,35.1728758,128.945745,부산광역시
부산역관광안내소,부산광역시,35.11760617,129.0450624,부산광역시
국제여객터미널관광안내소,부산광역시,35.1211974,129.0487401,부산광역시
종합버스터미널관광안내소,부산광역시,35.28468657,129.0954812,부산광역시
저동관광안내소,경상북도,37.496084,130.909757,경상북도 울릉군
도동관광안내소,경상북도,37.482038,130.907948,경상북도 울릉군
산막이옛길 관광안내소,충청북도,36.759349,127.836321,충청북도 괴산군
김시민장군 충민사 관광안내소,충청북도,36.836581,127.847581,충청북도 괴산군
화양구곡 관광안내소,충청북도,36.668792,127.811394,충청북도 괴산군
대구관광정보센터,대구광역시,35.851215,128.557298,대구광역시
이월드 관광안내소,대구광역시,35.8544338,128.560997,대구광역시
엑스코 관광안내소,대구광역시,35.907388,128.613263,대구광역시
동대구역 관광안내소,대구광역시,35.879319,128.628697,대구광역시
대구역 관광안내소,대구광역시,35.876011,128.596314,대구광역시
대구공항 관광안내소,대구광역시,35.899456,128.6383901,대구광역시
약령시 관광안내소,대구광역시,35.868672,128.589925,대구광역시
동성로 관광안내소,대구광역시,35.8693901,128.595965,대구광역시
군립 백민미술관 관광안내소,전라남도,34.96703,127.160106,전라남도 보성군
한국차문화공원 관광안내소,전라남도,34.720191,127.081986,전라남도 보성군
명동관광안내소,서울특별시,37.563916,126.984859,서울특별시 중구
서울글로벌문화체험센터,서울특별시,37.562437,126.985233,서울특별시 중구
명동관광정보센터,서울특별시,37.565217,126.985052,서울특별시 중구
남대문관광안내소,서울특별시,37.56057,126.978373,서울특별시 중구
남대문시장관광안내소,서울특별시,37.559196,126.977679,서울특별시 중구
동대문관광안내소,서울특별시,37.566742,127.006975,서울특별시 중구
동대문디자인플라자,서울특별시,37.567547,127.009932,서울특별시 중구
광화문,서울특별시,37.569712,126.976116,서울특별시 중구
관광안내전시관,서울특별시,37.56856,126.981446,서울특별시 중구
청계광장안내소,서울특별시,37.568451,126.977737,서울특별시 중구
시민청,서울특별시,37.566647,126.978371,서울특별시 중구
동대문두산타워,서울특별시,37.568313,127.009023,서울특별시 중구
헬로에이피엠,서울특별시,37.567601,127.008196,서울특별시 중구
태백종합관광안내소,강원도,37.1762275,128.9846308,강원도 태백시
강남관광정보센터,서울특별시,37.527677,127.026887,서울특별시 강남구
운주사,전라남도,34.9207688,126.8752489,전라남도 화순군
고인돌,전라남도,34.98663756,126.9169359,전라남도 화순군
고인돌(보호각),전라남도,34.9664273,126.9433723,전라남도 화순군
조광조,전라남도,34.9932057,126.9514986,전라남도 화순군
쌍봉사,전라남도,34.8874904,127.0605946,전라남도 화순군
공룡화석지,전라남도,35.16950589,127.0907754,전라남도 화순군
40계단문화관,부산광역시,35.105284,129.034456,부산관광공사
UN기념공원,부산광역시,35.12739717,129.0960626,부산관광공사
감천문화마을,부산광역시,35.09860974,129.010247,부산관광공사
금정산성,부산광역시,35.259386,129.057071,부산관광공사
동삼동패총전시관,부산광역시,35.071453,129.079825,부산관광공사
몰운대,부산광역시,35.041439,128.969365,부산관광공사
백산기념관,부산광역시,35.102163,129.034627,부산관광공사
범어사,부산광역시,35.284528,129.068793,부산관광공사
복천박물관,부산광역시,35.20877662,129.091769,부산관광공사
부산근대역사관,부산광역시,35.102947,129.031066,부산관광공사
부산박물관문화체험관,부산광역시,35.129763,129.094151,부산관광공사
부산어촌민속관,부산광역시,35.234024,129.008802,부산관광공사
수영사적공원,부산광역시,35.170767,129.114405,부산관광공사
오륜대한국순교자박물관,부산광역시,35.246275,129.101128,부산관광공사
용두산공원,부산광역시,35.100929,129.032323,부산관광공사
임시수도기념관,부산광역시,35.10374876,129.017452,부산관광공사
충렬사,부산광역시,35.201027,129.096243,부산관광공사
태종대,부산광역시,35.055624,129.090003,부산관광공사
해동용궁사,부산광역시,35.188595,129.223384,부산관광공사
UN평화기념관,부산광역시,35.123676,129.093453,부산관광공사
오륙도 스카이워크,부산광역시,35.10143799,129.124616,부산관광공사
40계단문화관,부산광역시,35.105284,129.034456,부산관광공사
UN기념공원,부산광역시,35.12739717,129.0960626,부산관광공사
감천문화마을,부산광역시,35.09860974,129.010247,부산관광공사
금정산성,부산광역시,35.259386,129.057071,부산관광공사
동삼동패총전시관,부산광역시,35.071453,129.079825,부산관광공사
몰운대,부산광역시,35.041439,128.969365,부산관광공사
백산기념관,부산광역시,35.102163,129.034627,부산관광공사
범어사,부산광역시,35.284528,129.068793,부산관광공사
복천박물관,부산광역시,35.20877662,129.091769,부산관광공사
부산근대역사관,부산광역시,35.102947,129.031066,부산관광공사
부산박물관문화체험관,부산광역시,35.129763,129.094151,부산관광공사
부산어촌민속관,부산광역시,35.234024,129.008802,부산관광공사
수영사적공원,부산광역시,35.170767,129.114405,부산관광공사
오륜대한국순교자박물관,부산광역시,35.246275,129.101128,부산관광공사
용두산공원,부산광역시,35.100929,129.032323,부산관광공사
임시수도기념관,부산광역시,35.10374876,129.017452,부산관광공사
충렬사,부산광역시,35.201027,129.096243,부산관광공사
태종대,부산광역시,35.055624,129.090003,부산관광공사
해동용궁사,부산광역시,35.188595,129.223384,부산관광공사
UN평화기념관,부산광역시,35.123676,129.093453,부산관광공사
오륙도 스카이워크,부산광역시,35.10143799,129.124616,부산관광공사
거제도 관광안내소,경상남도,34.8755063,128.6247123,거제해양관광개발공사
고창읍성안내소,전라북도,35.430451,126.704474,전라북도 고창군
고인돌안내소,전라북도,35.441701,126.651445,전라북도 고창군
선운산안내소,전라북도,35.502531,126.586667,전라북도 고창군
판소리박물관,전라북도,35.432355,126.702805,전라북도 고창군
무장현관아와읍성안내소,전라북도,35.432356,126.702808,전라북도 고창군
미당시문학관,전라북도,35.535548,126.610024,전라북도 고창군
양림동 관광안내소,광주광역시,35.142361,126.915306,광주광역시 남구
양주시 종합관광안내소,경기도,37.78468799,127.0304421,경기도 양주시
양주역 관광안내소,경기도,37.7756526,127.0449544,경기도 양주시
장흥 관광안내소,경기도,37.7310235,126.9496076,경기도 양주시
회암사지 관광안내소,경기도,37.8439388,127.1061319,경기도 양주시
조소앙기념관 관광안내소,경기도,37.92167975,126.9946864,경기도 양주시
광명시관광안내소,경기도,37.566535,126.977969,경기도 광명시
광명동굴 이동형 관광안내소,경기도,37.425176,126.864448,경기도 광명시
관광안내소,충청북도,36.5504534,127.7759083,충청북도 보은군
해인사 안내소,경상남도,35.79458225,128.0948389,경상남도 합천군
대장경테마파크 안내소,경상남도,35.76749785,128.1365362,경상남도 합천군
영상테마파크 안내소,경상남도,35.548831,128.070935,경상남도 합천군
청와대세트장 안내소,경상남도,35.554769,128.073907,경상남도 합천군
합천박물관 안내소,경상남도,35.5803771,128.2829217,경상남도 합천군
광양시 종합관광안내소,전라남도,34.937274,127.699313,전라남도 광양시
울산관광안내소,울산광역시,35.5383725,129.3382442,울산광역시 남구
울산종합관광안내소,울산광역시,35.5384968,129.3525472,울산광역시 남구
공산성 관광안내소,충청남도,36.465036,127.123603,충청남도 공주시
공주종합버스터미널 관광안내소,충청남도,36.468909,127.134452,충청남도 공주시
공주역 관광안내소,충청남도,36.332676,127.096827,충청남도 공주시
무령왕릉 관광안내소,충청남도,36.460845,127.113068,충청남도 공주시
당암리관광안내소,충청남도,36.625971,126.359492,충청남도 태안군
해운대관광안내소,부산광역시,35.159327,129.160301,부산광역시 해운대구
송정관광안내소,부산광역시,35.179732,129.199547,부산광역시 해운대구
달맞이관광안내소,부산광역시,35.157933,129.182504,부산광역시 해운대구
다릿돌전망대관광안내소,부산광역시,35.164306,129.196706,부산광역시 해운대구
수성못 관광안내소,대구광역시,35.8285499,128.6208228,대구광역시 수성구
화진포 관광안내소,강원도,38.4735013,128.4441402,강원도 고성군
마이산관광안내소(남부),전라북도,35.757066,127.393795,전라북도 진안군
마이산관광안내소(북부),전라북도,35.776962,127.416849,전라북도 진안군
노을전시관,전라남도,35.353658,126.389289,전라남도 영광군
백제불교도래지,전라남도,35.361939,126.430609,전라남도 영광군
불갑사,전라남도,35.200954,126.549315,전라남도 영광군
봄내통 관광안내소,강원도,37.864003,127.7238103,강원도 춘천시
낭만누리 관광안내소,강원도,37.819009,127.7188153,강원도 춘천시
춘천역 관광안내소,강원도,37.88466944,127.7170048,강원도 춘천시
한개마을 관광안내소,경상북도,35.9283621,128.3273831,경상북도 성주군
세종대왕자태실 관광안내소,경상북도,36.0145001,128.2948001,경상북도 성주군
회연서원 관광안내소,경상북도,35.8551091,128.1928301,경상북도 성주군
통영관광안내소,경상남도,34.87577247,128.413514,경상남도 통영시
통영관광정보센터,경상남도,34.82813976,128.4341754,경상남도 통영시
종합버스터미널관광안내소,경상남도,34.8850775,128.4169241,경상남도 통영시
해저터널관광안내소,경상남도,34.83608214,128.4116764,경상남도 통영시
여객선터미널관광안내소,경상남도,34.83979333,128.4202273,경상남도 통영시
케이블카관광안내소,경상남도,34.82664901,128.4251256,경상남도 통영시
동피랑관광안내소,경상남도,34.84521426,128.4277328,경상남도 통영시
욕지관광안내소,경상남도,34.63345836,128.2650187,경상남도 통영시
노포동관광안내소,부산광역시,35.283436,129.097022,부산광역시 금정구
망상종합관광안내소,강원도,37.5929351,129.0895761,강원도 동해시
추암관광안내소,강원도,37.4783501,129.1580381,강원도 동해시
무릉계곡관광안내소,강원도,37.4635171,129.0193791,강원도 동해시
김포함상공원 관광안내소,경기도,37.6406387,126.539261,경기도 김포시
서천종합관광안내소,충청남도,36.019254,126.737373,충청남도 서천군
시외버스터미널,경상북도,36.013879,129.3492843,경상북도 포항시
포항역,경상북도,36.0358369,129.3604055,경상북도 포항시
여객선터미널,경상북도,36.0517566,129.3777759,경상북도 포항시
구룡포역사관,경상북도,35.9905089,129.5615702,경상북도 포항시
오어사,경상북도,35.9263051,129.3689079,경상북도 포항시
보경사,경상북도,36.2521741,129.3179067,경상북도 포항시
덕실마을,경상북도,36.150014,129.3050133,경상북도 포항시
호미곶,경상북도,36.0765205,129.5664767,경상북도 포항시
포항공항,경상북도,35.984555,129.434112,경상북도 포항시
월포역,경상북도,36.2030454,129.3627711,경상북도 포항시
경기광주역 관광안내소,경기도,37.39898307,127.2532841,경기도 광주시
송도종합관광안내소,인천광역시,37.3928059,126.6358902,인천광역시 연수구
강서구관광안내소,부산광역시,35.022459,128.822029,부산광역시 강서구
강서구관광안내소,부산광역시,35.022459,128.822029,부산광역시 강서구
연평면관광안내소,인천광역시,37.6543858,125.7153075,인천광역시 옹진군
사곶관광 안내소,인천광역시,37.9521352,124.7236026,인천광역시 옹진군
서포리주민자치센터,인천광역시,37.2225595,126.1144107,인천광역시 옹진군
진리관광안내소,인천광역시,37.227441,126.154308,인천광역시 옹진군
소야리관광안내소,인천광역시,37.2189798,126.1695858,인천광역시 옹진군
장골 해수욕장 관광안내소,인천광역시,37.250401,126.312027,인천광역시 옹진군
십리포 관광안내소,인천광역시,37.2807995,126.4828107,인천광역시 옹진군
장경리 관광안내소,인천광역시,37.2726225,126.4499759,인천광역시 옹진군
옹암해수욕장 관광안내소,인천광역시,37.5300402,126.3722856,인천광역시 옹진군
압해 송공항 관광안내소,전라남도,34.848088,126.227394,전라남도 신안군
증도 관광안내소,전라남도,35.015326,126.160463,전라남도 신안군
흑산 예리항 관광안내소,전라남도,34.684129,125.442585,전라남도 신안군
대천역 관광안내소,충청남도,36.3415181,126.5865576,충청남도 보령시
시민탑광장 관광안내소,충청남도,36.3054077,126.5160516,충청남도 보령시
머드광장 관광안내소,충청남도,36.3155199,126.5107767,충청남도 보령시
천안역 관광안내소,충청남도,36.8090866,127.1477608,충청남도
천안종합터미널 관광안내소,충청남도,36.8196847,127.1543899,충청남도
천안아산역 관광안내소(천안),충청남도,36.7952522,127.1043655,충청남도
공주역 관광안내소,충청남도,36.332676,127.096827,충청남도
공산성 관광안내소,충청남도,36.465036,127.123603,충청남도
무령왕릉 관광안내소,충청남도,36.460845,127.113068,충청남도
공주버스터미널 관광안내소,충청남도,36.468909,127.134452,충청남도
대천역 관광안내소,충청남도,36.341871,126.586671,충청남도
대천해수욕장 시민탑 광장 관광안내소,충청남도,36.305607,126.5173712,충청남도
대천해수욕장 머드광장 관광안내소,충청남도,36.315788,126.510745,충청남도
온양온천역 관광안내소,충청남도,36.7952522,127.1043655,충청남도
천안아산역 관광안내소(아산),충청남도,36.7952522,127.104365,충청남도
당진시 관광안내소,충청남도,36.9029383,126.6456935,충청남도
금산군 관광안내소,충청남도,36.0997316,127.4998517,충청남도
충남종합 관광안내소,충청남도,36.284115,126.914481,충청남도
서천종합 관광안내소,충청남도,36.019254,126.737373,충청남도
홍성군 관광안내소,충청남도,36.6001648,126.6771678,충청남도
예산군 관광안내소,충청남도,36.6906918,126.6593928,충청남도
당암리 관광안내소,충청남도,36.625085,126.359492,충청남도
장릉종합관광안내소,강원도,37.195712,128.45435,강원도 영월군
고씨굴관광안내소,강원도,37.130865,128.535649,강원도 영월군
청령포관광안내소,강원도,37.177602,128.447809,강원도 영월군
충주종합관광안내소,충청북도,37.017827,127.865025,충청북도 충주시
터미널관광안내소,충청북도,36.981621,127.914322,충청북도 충주시
수안보관광안내소,충청북도,36.848386,127.989645,충청북도 충주시
충주종합관광안내소,충청북도,37.017827,127.865025,충청북도 충주시
터미널관광안내소,충청북도,36.981621,127.914322,충청북도 충주시
수안보관광안내소,충청북도,36.848386,127.989645,충청북도 충주시
경산종합관광안내소,경상북도,35.98551583,128.748277,경상북도 경산시
양평역 종합관광안내소,경기도,37.4927295,127.4914774,경기도 양평군
용문산 종합관광안내소,경기도,37.5452585,127.5830427,경기도 양평군
